<?xml version="1.0" encoding="utf-8" ?>
<!-- Copyright 2017 Yahoo Holdings. Licensed under the terms of the Apache 2.0 license. See LICENSE in the project root. -->
<services version="1.0">
  <admin version="2.0">
    <adminserver hostalias="admin0"/>
    <configservers>
      <configserver hostalias="admin0"/>
    </configservers>
  </admin>

  <container id="container" version="1.0">
    <document-api/>
    <search>
      <chain id="docranking" inherits="vespa">
        <searcher id="ai.vespa.searcher.RetrievalModelSearcher" bundle="matscholar"/>
      </chain>
    </search>
    <nodes>
      <node hostalias="stateless0"/>
    </nodes>
  </container>

  <content id="matscholar" version="1.0">
    <redundancy>1</redundancy>
    <documents>
      <document type="doc" mode="index"/>
    </documents>
    <nodes>
      <node hostalias="content0" distribution-key="0"/>
      <node hostalias="content1" distribution-key="1"/>
      <node hostalias="content2" distribution-key="2"/>
      <node hostalias="content3" distribution-key="3"/>
      <node hostalias="content4" distribution-key="4"/>
    </nodes>
    <engine>
      <proton>
        <tuning>
          <searchnode>
           <requestthreads>
            <persearch>12</persearch>
           </requestthreads>
           <feeding>
            <concurrency>1.0</concurrency>
          </feeding>
          </searchnode>
        </tuning>
      </proton>
    </engine>
  </content>
</services>